ds,trend,yhat_lower,yhat_upper,trend_lower,trend_upper,additive_terms,additive_terms_lower,additive_terms_upper,weekly,weekly_lower,weekly_upper,multiplicative_terms,multiplicative_terms_lower,multiplicative_terms_upper,yhat
2017-01-01 00:00:00,13.782439499999999,10.788270792817656,16.922978214384393,13.782439499999999,13.782439499999999,0.04088566211506631,0.04088566211506631,0.04088566211506631,0.04088566211506631,0.04088566211506631,0.04088566211506631,0.0,0.0,0.0,13.823325162115065
2017-01-02 00:00:00,13.888001867256637,10.992820573571459,17.0077602227238,13.888001867256637,13.888001867256637,-0.0035478054631961275,-0.0035478054631961275,-0.0035478054631961275,-0.0035478054631961275,-0.0035478054631961275,-0.0035478054631961275,0.0,0.0,0.0,13.884454061793441
2017-01-03 00:00:00,13.993564234513274,11.106974745608406,17.134217220287365,13.993564234513274,13.993564234513274,0.059715400087018235,0.059715400087018235,0.059715400087018235,0.059715400087018235,0.059715400087018235,0.059715400087018235,0.0,0.0,0.0,14.053279634600292
2017-01-04 00:00:00,14.09912660176991,11.494369808816732,17.065061700951336,14.09912660176991,14.09912660176991,0.21553506501002392,0.21553506501002392,0.21553506501002392,0.21553506501002392,0.21553506501002392,0.21553506501002392,0.0,0.0,0.0,14.314661666779934
2017-01-05 00:00:00,14.204688969026549,11.733002160428963,17.601466835230433,14.204688969026549,14.204688969026549,0.42211553849975286,0.42211553849975286,0.42211553849975286,0.42211553849975286,0.42211553849975286,0.42211553849975286,0.0,0.0,0.0,14.626804507526302
2017-01-06 00:00:00,14.310251336120212,11.041357501929994,17.364955898776973,14.310251336120212,14.310251336120212,-0.11884896709544708,-0.11884896709544708,-0.11884896709544708,-0.11884896709544708,-0.11884896709544708,-0.11884896709544708,0.0,0.0,0.0,14.191402369024765
2017-01-07 00:00:00,14.415813703213876,11.110524534839438,16.861511312422675,14.415813703213876,14.415813703213876,-0.6158548931520769,-0.6158548931520769,-0.6158548931520769,-0.6158548931520769,-0.6158548931520769,-0.6158548931520769,0.0,0.0,0.0,13.7999588100618
2017-01-08 00:00:00,14.521376070307541,11.455527194813492,17.475575639533854,14.521376070307541,14.521376070307541,0.040885662115465286,0.040885662115465286,0.040885662115465286,0.040885662115465286,0.040885662115465286,0.040885662115465286,0.0,0.0,0.0,14.562261732423007
2017-01-09 00:00:00,14.62693843755504,11.524672904544495,17.722723522044117,14.62693843755504,14.62693843755504,-0.00354780546346869,-0.00354780546346869,-0.00354780546346869,-0.00354780546346869,-0.00354780546346869,-0.00354780546346869,0.0,0.0,0.0,14.62339063209157
2017-01-10 00:00:00,14.732500804802537,11.823091626113095,17.9306120928709,14.732500804802537,14.732500804802537,0.059715400086274004,0.059715400086274004,0.059715400086274004,0.059715400086274004,0.059715400086274004,0.059715400086274004,0.0,0.0,0.0,14.792216204888812
2017-01-11 00:00:00,14.838063172050036,11.857279557697488,18.14671413121477,14.838063172050036,14.838063172050036,0.21553506501045755,0.21553506501045755,0.21553506501045755,0.21553506501045755,0.21553506501045755,0.21553506501045755,0.0,0.0,0.0,15.053598237060495
2017-01-12 00:00:00,14.943625539297534,12.408684860250876,18.41822747262112,14.943625539297534,14.943625539297534,0.422115538499894,0.422115538499894,0.422115538499894,0.422115538499894,0.422115538499894,0.422115538499894,0.0,0.0,0.0,15.365741077797427
2017-01-13 00:00:00,15.049187904360734,12.109858751763747,17.990092435577736,15.049187904360734,15.049187904360734,-0.11884896709579455,-0.11884896709579455,-0.11884896709579455,-0.11884896709579455,-0.11884896709579455,-0.11884896709579455,0.0,0.0,0.0,14.930338937264938
2017-01-14 00:00:00,15.154750269423934,11.567114569506806,17.388146512913785,15.154750269423934,15.154750269423934,-0.6158548931515683,-0.6158548931515683,-0.6158548931515683,-0.6158548931515683,-0.6158548931515683,-0.6158548931515683,0.0,0.0,0.0,14.538895376272366
2017-01-15 00:00:00,15.260312634487136,12.455050314429972,18.294609401017972,15.260312634487136,15.260312634487136,0.04088566211570767,0.04088566211570767,0.04088566211570767,0.04088566211570767,0.04088566211570767,0.04088566211570767,0.0,0.0,0.0,15.301198296602843
2017-01-16 00:00:00,15.36587499857543,12.33098682264247,18.380247783145915,15.36587499857543,15.36587499857543,-0.0035478054632587883,-0.0035478054632587883,-0.0035478054632587883,-0.0035478054632587883,-0.0035478054632587883,-0.0035478054632587883,0.0,0.0,0.0,15.362327193112172
2017-01-17 00:00:00,15.471437362663728,12.489505002051187,18.70616149116092,15.471437362663728,15.471437362663728,0.059715400086740734,0.059715400086740734,0.059715400086740734,0.059715400086740734,0.059715400086740734,0.059715400086740734,0.0,0.0,0.0,15.53115276275047
2017-01-18 00:00:00,15.576999726752026,13.089203759815975,18.736377206034128,15.576999726752026,15.576999726752026,0.21553506501015127,0.21553506501015127,0.21553506501015127,0.21553506501015127,0.21553506501015127,0.21553506501015127,0.0,0.0,0.0,15.792534791762177
2017-01-19 00:00:00,15.682562090840323,13.274953663663506,19.162933538532474,15.682562090840323,15.682562090840323,0.42211553849949673,0.42211553849949673,0.42211553849949673,0.42211553849949673,0.42211553849949673,0.42211553849949673,0.0,0.0,0.0,16.104677629339818
2017-01-20 00:00:00,15.788124454232925,12.401729730835635,18.59622163762264,15.788124454232925,15.788124454232925,-0.11884896709692265,-0.11884896709692265,-0.11884896709692265,-0.11884896709692265,-0.11884896709692265,-0.11884896709692265,0.0,0.0,0.0,15.669275487136002
2017-01-21 00:00:00,15.893686817625529,12.39572223771372,18.20855696656647,15.893686817625529,15.893686817625529,-0.6158548931523943,-0.6158548931523943,-0.6158548931523943,-0.6158548931523943,-0.6158548931523943,-0.6158548931523943,0.0,0.0,0.0,15.277831924473135
2017-01-22 00:00:00,15.999249181018131,13.016987703274696,19.25502194768995,15.999249181018131,15.999249181018131,0.04088566211441884,0.04088566211441884,0.04088566211441884,0.04088566211441884,0.04088566211441884,0.04088566211441884,0.0,0.0,0.0,16.04013484313255
2017-01-23 00:00:00,16.104811544410733,13.355661558557907,19.051791821966237,16.104811544410733,16.104811544410733,-0.0035478054632934403,-0.0035478054632934403,-0.0035478054632934403,-0.0035478054632934403,-0.0035478054632934403,-0.0035478054632934403,0.0,0.0,0.0,16.10126373894744
2017-01-24 00:00:00,16.21037921860511,13.230938956568806,19.626923852852176,16.21037921860511,16.21037921860511,0.05971540008662214,0.05971540008662214,0.05971540008662214,0.05971540008662214,0.05971540008662214,0.05971540008662214,0.0,0.0,0.0,16.27009461869173
2017-01-25 00:00:00,16.315946892799477,13.624517772842738,19.518616295110828,16.315946892799477,16.315946892799477,0.21553506500984498,0.21553506500984498,0.21553506500984498,0.21553506500984498,0.21553506500984498,0.21553506500984498,0.0,0.0,0.0,16.531481957809323
2017-01-26 00:00:00,16.421514566993853,13.705730232783122,19.555350209274156,16.421514566993853,16.421514566993853,0.42211553850052425,0.42211553850052425,0.42211553850052425,0.42211553850052425,0.42211553850052425,0.42211553850052425,0.0,0.0,0.0,16.843630105494377
2017-01-27 00:00:00,16.527174681953714,13.441768415947273,19.373889490152298,16.527174681953714,16.527174681953714,-0.11884896709582395,-0.11884896709582395,-0.11884896709582395,-0.11884896709582395,-0.11884896709582395,-0.11884896709582395,0.0,0.0,0.0,16.408325714857888
2017-01-28 00:00:00,16.632834796913574,13.055340252442797,19.038311362288926,16.632834796913574,16.632834796913574,-0.6158548931518856,-0.6158548931518856,-0.6158548931518856,-0.6158548931518856,-0.6158548931518856,-0.6158548931518856,0.0,0.0,0.0,16.016979903761687
2017-01-29 00:00:00,16.73849491187343,13.64714299251202,19.795644680163576,16.73849491187343,16.73849491187343,0.04088566211466123,0.04088566211466123,0.04088566211466123,0.04088566211466123,0.04088566211466123,0.04088566211466123,0.0,0.0,0.0,16.779380573988092
2017-01-30 00:00:00,16.844155026833292,13.885018371374818,19.83660129602125,16.844155026833292,16.844155026833292,-0.003547805463328107,-0.003547805463328107,-0.003547805463328107,-0.003547805463328107,-0.003547805463328107,-0.003547805463328107,0.0,0.0,0.0,16.840607221369964
2017-01-31 00:00:00,16.95087859360731,13.96072841433067,20.30929533512797,16.95087859360731,16.95087859360731,0.05971540008708895,0.05971540008708895,0.05971540008708895,0.05971540008708895,0.05971540008708895,0.05971540008708895,0.0,0.0,0.0,17.0105939936944
2017-02-01 00:00:00,17.05760216038133,14.355741843796004,20.231856762571827,17.05760216038133,17.05760216038133,0.2155350650102785,0.2155350650102785,0.2155350650102785,0.2155350650102785,0.2155350650102785,0.2155350650102785,0.0,0.0,0.0,17.273137225391608
2017-02-02 00:00:00,17.164325727155347,14.562473916478998,20.666587073982633,17.164325727155347,17.164325727155347,0.42211553849924044,0.42211553849924044,0.42211553849924044,0.42211553849924044,0.42211553849924044,0.42211553849924044,0.0,0.0,0.0,17.58644126565459
2017-02-03 00:00:00,17.271116308194856,13.967173170443253,20.11970929403537,17.271116308194856,17.271116308194856,-0.11884896709617142,-0.11884896709617142,-0.11884896709617142,-0.11884896709617142,-0.11884896709617142,-0.11884896709617142,0.0,0.0,0.0,17.152267341098685
2017-02-04 00:00:00,17.37790688923436,13.653903653076723,19.659548488194165,17.37790688923436,17.37790688923436,-0.615854893151897,-0.615854893151897,-0.615854893151897,-0.615854893151897,-0.615854893151897,-0.615854893151897,0.0,0.0,0.0,16.762051996082462
2017-02-05 00:00:00,17.484697470273865,14.784007939594261,20.351344735691406,17.484697470273865,17.484697470273865,0.040885662115060215,0.040885662115060215,0.040885662115060215,0.040885662115060215,0.040885662115060215,0.040885662115060215,0.0,0.0,0.0,17.525583132388924
2017-02-06 00:00:00,17.591488051313373,14.600372568733858,20.5785915447285,17.591488051313373,17.591488051313373,-0.003547805463356086,-0.003547805463356086,-0.003547805463356086,-0.003547805463356086,-0.003547805463356086,-0.003547805463356086,0.0,0.0,0.0,17.587940245850017
2017-02-07 00:00:00,17.699202807972345,14.777044245112586,20.854748686609444,17.699202807972345,17.699202807972345,0.05971540008692992,0.05971540008692992,0.05971540008692992,0.05971540008692992,0.05971540008692992,0.05971540008692992,0.0,0.0,0.0,17.758918208059274
2017-02-08 00:00:00,17.80691756463132,15.087012502821281,21.131404054732496,17.80691756463132,17.80691756463132,0.21553506500907849,0.21553506500907849,0.21553506500907849,0.21553506500907849,0.21553506500907849,0.21553506500907849,0.0,0.0,0.0,18.022452629640398
2017-02-09 00:00:00,17.914632321290295,15.309888173494713,21.36849763245061,17.914632321290295,17.914632321290295,0.4221155384997296,0.4221155384997296,0.4221155384997296,0.4221155384997296,0.4221155384997296,0.4221155384997296,0.0,0.0,0.0,18.336747859790023
2017-02-10 00:00:00,18.02234707794927,14.875037174980635,20.851795603414775,18.02234707794927,18.02234707794927,-0.11884896709651889,-0.11884896709651889,-0.11884896709651889,-0.11884896709651889,-0.11884896709651889,-0.11884896709651889,0.0,0.0,0.0,17.903498110852752
2017-02-11 00:00:00,18.137073058944527,14.534070693749854,20.709716524732453,18.137073058944527,18.137073058944527,-0.6158548931513883,-0.6158548931513883,-0.6158548931513883,-0.6158548931513883,-0.6158548931513883,-0.6158548931513883,0.0,0.0,0.0,17.521218165793137
2017-02-12 00:00:00,18.251799039939783,15.388988525522938,21.36747225694782,18.251799039939783,18.251799039939783,0.04088566211430208,0.04088566211430208,0.04088566211430208,0.04088566211430208,0.04088566211430208,0.04088566211430208,0.0,0.0,0.0,18.292684702054085
2017-02-13 00:00:00,18.366525020935043,15.327656497714361,21.405946832697975,18.366525020935043,18.366525020935043,-0.0035478054631528423,-0.0035478054631528423,-0.0035478054631528423,-0.0035478054631528423,-0.0035478054631528423,-0.0035478054631528423,0.0,0.0,0.0,18.36297721547189
2017-02-14 00:00:00,18.49034138555862,15.426877280272503,21.39388025300558,18.49034138555862,18.49034138555862,0.059715400086811386,0.059715400086811386,0.059715400086811386,0.059715400086811386,0.059715400086811386,0.059715400086811386,0.0,0.0,0.0,18.55005678564543
2017-02-15 00:00:00,18.614157750182198,15.998747584251813,21.90559870470014,18.614157750182198,18.614157750182198,0.21553506501040573,0.21553506501040573,0.21553506501040573,0.21553506501040573,0.21553506501040573,0.21553506501040573,0.0,0.0,0.0,18.829692815192605
2017-02-16 00:00:00,18.737974114805773,16.19320970929063,22.144609223947967,18.737974114805773,18.737974114805773,0.4221155384993322,0.4221155384993322,0.4221155384993322,0.4221155384993322,0.4221155384993322,0.4221155384993322,0.0,0.0,0.0,19.160089653305107
2017-02-17 00:00:00,18.86179047942935,15.809039551729441,21.54823799147693,18.86179047942935,18.86179047942935,-0.11884896709620084,-0.11884896709620084,-0.11884896709620084,-0.11884896709620084,-0.11884896709620084,-0.11884896709620084,0.0,0.0,0.0,18.742941512333147
2017-02-18 00:00:00,18.99522681794673,15.467304447309061,21.384524845260216,18.99522681794673,18.99522681794673,-0.6158548931516944,-0.6158548931516944,-0.6158548931516944,-0.6158548931516944,-0.6158548931516944,-0.6158548931516944,0.0,0.0,0.0,18.379371924795034
2017-02-19 00:00:00,19.128663156464107,16.145074921719466,22.141036018904835,19.128663156464107,19.128663156464107,0.04088566211454445,0.04088566211454445,0.04088566211454445,0.04088566211454445,0.04088566211454445,0.04088566211454445,0.0,0.0,0.0,19.16954881857865
2017-02-20 00:00:00,19.26209949498149,16.205584942502668,22.34603332251749,19.26209949498149,19.26209949498149,-0.00354780546342542,-0.00354780546342542,-0.00354780546342542,-0.00354780546342542,-0.00354780546342542,-0.00354780546342542,0.0,0.0,0.0,19.258551689518065
2017-02-21 00:00:00,19.406556171551973,16.27748411318371,22.29189077933057,19.406556171551973,19.406556171551973,0.059715400086692794,0.059715400086692794,0.059715400086692794,0.059715400086692794,0.059715400086692794,0.059715400086692794,0.0,0.0,0.0,19.466271571638664
2017-02-22 00:00:00,19.551012848122454,16.793659347942647,22.764275848813433,19.551012848122454,19.551012848122454,0.21553506500920575,0.21553506500920575,0.21553506500920575,0.21553506500920575,0.21553506500920575,0.21553506500920575,0.0,0.0,0.0,19.76654791313166
2017-02-23 00:00:00,19.69546952469293,17.167663114187608,23.310580374610993,19.69546952469293,19.69546952469293,0.4221155385003599,0.4221155385003599,0.4221155385003599,0.4221155385003599,0.4221155385003599,0.4221155385003599,0.0,0.0,0.0,20.11758506319329
2017-02-24 00:00:00,19.83992620126341,16.749300290551915,22.759151874752686,19.83992620126341,19.83992620126341,-0.11884896709576766,-0.11884896709576766,-0.11884896709576766,-0.11884896709576766,-0.11884896709576766,-0.11884896709576766,0.0,0.0,0.0,19.72107723416764
2017-02-25 00:00:00,19.999502853940083,16.561057728889416,22.467874925105676,19.999502853940083,19.999502853940083,-0.6158548931525205,-0.6158548931525205,-0.6158548931525205,-0.6158548931525205,-0.6158548931525205,-0.6158548931525205,0.0,0.0,0.0,19.383647960787563
2017-02-26 00:00:00,20.15907950661676,17.323724125824057,23.22827062310784,20.15907950661676,20.15907950661676,0.040885662115100016,0.040885662115100016,0.040885662115100016,0.040885662115100016,0.040885662115100016,0.040885662115100016,0.0,0.0,0.0,20.19996516873186
2017-02-27 00:00:00,20.318656159293432,17.383314214639874,23.39451444207032,20.318656159293432,20.318656159293432,-0.0035478054634601017,-0.0035478054634601017,-0.0035478054634601017,-0.0035478054634601017,-0.0035478054634601017,-0.0035478054634601017,0.0,0.0,0.0,20.315108353829974
2017-02-28 00:00:00,20.47823281197011,17.59632634886465,23.62914173909752,20.47823281197011,20.47823281197011,0.059715400087119105,0.059715400087119105,0.059715400087119105,0.059715400087119105,0.059715400087119105,0.059715400087119105,0.0,0.0,0.0,20.537948212057227
2017-03-01 00:00:00,20.655450566416693,17.594294343690564,23.937460348151657,20.655450566416693,20.655450566416693,0.21553506500971623,0.21553506500971623,0.21553506500971623,0.21553506500971623,0.21553506500971623,0.21553506500971623,0.0,0.0,0.0,20.87098563142641
2017-03-02 00:00:00,20.832668320863277,18.27703857790178,24.335029062302237,20.832668320863277,20.832668320863277,0.42211553850084904,0.42211553850084904,0.42211553850084904,0.42211553850084904,0.42211553850084904,0.42211553850084904,0.0,0.0,0.0,21.254783859364125
2017-03-03 00:00:00,21.009886075309858,17.704343196929862,23.823859779753004,21.009886075309858,21.009886075309858,-0.11884896709689577,-0.11884896709689577,-0.11884896709689577,-0.11884896709689577,-0.11884896709689577,-0.11884896709689577,0.0,0.0,0.0,20.891037108212963
2017-03-04 00:00:00,21.20733945365025,17.59480530090879,23.756309743569098,21.20733945365025,21.20733945365025,-0.6158548931525318,-0.6158548931525318,-0.6158548931525318,-0.6158548931525318,-0.6158548931525318,-0.6158548931525318,0.0,0.0,0.0,20.59148456049772
2017-03-05 00:00:00,21.40479283199064,18.51022020374236,24.59754906838398,21.40479283199064,21.40479283199064,0.04088566211434192,0.04088566211434192,0.04088566211434192,0.04088566211434192,0.04088566211434192,0.04088566211434192,0.0,0.0,0.0,21.445678494104982
2017-03-06 00:00:00,21.60224621033103,18.46947690313146,24.68488655553893,21.60224621033103,21.60224621033103,-0.0035478054634880507,-0.0035478054634880507,-0.0035478054634880507,-0.0035478054634880507,-0.0035478054634880507,-0.0035478054634880507,0.0,0.0,0.0,21.598698404867545
2017-03-07 00:00:00,21.79969958867142,19.017492962593845,24.88090178304849,21.79969958867142,21.79969958867142,0.059715400086374854,0.059715400086374854,0.059715400086374854,0.059715400086374854,0.059715400086374854,0.059715400086374854,0.0,0.0,0.0,21.859414988757795
2017-03-08 00:00:00,22.012840819224202,19.412289510793382,25.4044671343846,22.012840819224202,22.012840819224202,0.21553506501022668,0.21553506501022668,0.21553506501022668,0.21553506501022668,0.21553506501022668,0.21553506501022668,0.0,0.0,0.0,22.228375884234428
2017-03-09 00:00:00,22.225982049776984,19.631853174223938,25.812207040429517,22.225982049776984,22.225982049776984,0.4221155384995652,0.4221155384995652,0.4221155384995652,0.4221155384995652,0.4221155384995652,0.4221155384995652,0.0,0.0,0.0,22.64809758827655
2017-03-10 00:00:00,22.439123280329763,19.21246508031499,25.32764968129335,22.439123280329763,22.439123280329763,-0.11884896709724324,-0.11884896709724324,-0.11884896709724324,-0.11884896709724324,-0.11884896709724324,-0.11884896709724324,0.0,0.0,0.0,22.32027431323252
2017-03-11 00:00:00,22.668778592298473,19.072161401496775,25.10726290883916,22.668778592298473,22.668778592298473,-0.6158548931523178,-0.6158548931523178,-0.6158548931523178,-0.6158548931523178,-0.6158548931523178,-0.6158548931523178,0.0,0.0,0.0,22.052923699146156
2017-03-12 00:00:00,22.89843390426718,19.85045942897674,26.03506906490128,22.89843390426718,22.89843390426718,0.040885662114740866,0.040885662114740866,0.040885662114740866,0.040885662114740866,0.040885662114740866,0.040885662114740866,0.0,0.0,0.0,22.93931956638192
2017-03-13 00:00:00,23.128089216235885,20.163095204292745,26.071614711922248,23.128089216235885,23.128089216235885,-0.003547805463760643,-0.003547805463760643,-0.003547805463760643,-0.003547805463760643,-0.003547805463760643,-0.003547805463760643,0.0,0.0,0.0,23.124541410772125
2017-03-14 00:00:00,23.357744528204602,20.36331274996904,26.630758956578862,23.357744528204602,23.357744528204602,0.05971540008684155,0.05971540008684155,0.05971540008684155,0.05971540008684155,0.05971540008684155,0.05971540008684155,0.0,0.0,0.0,23.417459928291443
2017-03-15 00:00:00,23.600714061854724,20.944059546706374,26.778595997447976,23.600714061854724,23.600714061854724,0.2155350650107372,0.2155350650107372,0.2155350650107372,0.2155350650107372,0.2155350650107372,0.2155350650107372,0.0,0.0,0.0,23.81624912686546
2017-03-16 00:00:00,23.843683595504853,21.244857455309425,27.317041748292922,23.843683595504853,23.843683595504853,0.4221155385005928,0.4221155385005928,0.4221155385005928,0.4221155385005928,0.4221155385005928,0.4221155385005928,0.0,0.0,0.0,24.265799134005444
2017-03-17 00:00:00,24.086653129154975,21.047837239383163,26.900821143098614,24.086653129154975,24.086653129154975,-0.11884896709692515,-0.11884896709692515,-0.11884896709692515,-0.11884896709692515,-0.11884896709692515,-0.11884896709692515,0.0,0.0,0.0,23.967804162058048
2017-03-18 00:00:00,24.3296226628051,20.677569010478337,26.53210438111107,24.3296226628051,24.3296226628051,-0.6158548931523293,-0.6158548931523293,-0.6158548931523293,-0.6158548931523293,-0.6158548931523293,-0.6158548931523293,0.0,0.0,0.0,23.713767769652772
2017-03-19 00:00:00,24.57621026946407,21.449997843682652,27.80275571141572,24.57621026946407,24.57621026946407,0.04088566211513986,0.04088566211513986,0.04088566211513986,0.04088566211513986,0.04088566211513986,0.04088566211513986,0.0,0.0,0.0,24.61709593157921
2017-03-20 00:00:00,24.822797876123047,21.670801413056413,27.721439694020106,24.822797876123047,24.822797876123047,-0.0035478054635574297,-0.0035478054635574297,-0.0035478054635574297,-0.0035478054635574297,-0.0035478054635574297,-0.0035478054635574297,0.0,0.0,0.0,24.81925007065949
2017-03-21 00:00:00,25.06938548278202,22.149442939742347,28.10901755866601,25.06938548278202,25.06938548278202,0.05971540008609731,0.05971540008609731,0.05971540008609731,0.05971540008609731,0.05971540008609731,0.05971540008609731,0.0,0.0,0.0,25.12910088286812
2017-03-22 00:00:00,25.315973089140357,22.495936861215053,28.535207202419926,25.315973089140357,25.315973089140357,0.2155350650095372,0.2155350650095372,0.2155350650095372,0.2155350650095372,0.2155350650095372,0.2155350650095372,0.0,0.0,0.0,25.531508154149893
2017-03-23 00:00:00,25.56256069549869,22.98782727044315,28.93614991814078,25.56256069549869,25.56256069549869,0.42211553850019545,0.42211553850019545,0.42211553850019545,0.42211553850019545,0.42211553850019545,0.42211553850019545,0.0,0.0,0.0,25.984676233998886
2017-03-24 00:00:00,25.809148301857025,22.608538343998486,28.640805364698515,25.809148301857025,25.809148301857025,-0.11884896709504583,-0.11884896709504583,-0.11884896709504583,-0.11884896709504583,-0.11884896709504583,-0.11884896709504583,0.0,0.0,0.0,25.690299334761978
2017-03-25 00:00:00,26.055735908215365,22.75739941825789,28.510271227080466,26.055735908215365,26.055735908215365,-0.6158548931518205,-0.6158548931518205,-0.6158548931518205,-0.6158548931518205,-0.6158548931518205,-0.6158548931518205,0.0,0.0,0.0,25.439881015063545
2017-03-26 00:00:00,26.30232352015033,23.264496430691583,29.460003458172864,26.30232352015033,26.30232352015033,0.04088566211553885,0.04088566211553885,0.04088566211553885,0.04088566211553885,0.04088566211553885,0.04088566211553885,0.0,0.0,0.0,26.34320918226587
2017-03-27 00:00:00,26.548911132085305,23.573245096112487,29.43543741592749,26.548911132085305,26.548911132085305,-0.0035478054635853934,-0.0035478054635853934,-0.0035478054635853934,-0.0035478054635853934,-0.0035478054635853934,-0.0035478054635853934,0.0,0.0,0.0,26.545363326621718
2017-03-28 00:00:00,26.79549874402027,23.777658669186216,29.806392847037255,26.79549874402027,26.79549874402027,0.05971540008656404,0.05971540008656404,0.05971540008656404,0.05971540008656404,0.05971540008656404,0.05971540008656404,0.0,0.0,0.0,26.855214144106835
2017-03-29 00:00:00,27.042086356550065,24.17828917039315,30.507418716571475,27.042086356550065,27.042086356550065,0.21553506501004766,0.21553506501004766,0.21553506501004766,0.21553506501004766,0.21553506501004766,0.21553506501004766,0.0,0.0,0.0,27.257621421560113
2017-03-30 00:00:00,27.288673969079856,24.82583153752088,30.797905288886266,27.288673969079856,27.288673969079856,0.4221155384997981,0.4221155384997981,0.4221155384997981,0.4221155384997981,0.4221155384997981,0.4221155384997981,0.0,0.0,0.0,27.710789507579655
2017-03-31 00:00:00,27.53526158160965,24.64354714658425,30.49494580906011,27.53526158160965,27.53526158160965,-0.11884896709539333,-0.11884896709539333,-0.11884896709539333,-0.11884896709539333,-0.11884896709539333,-0.11884896709539333,0.0,0.0,0.0,27.416412614514257
2017-04-01 00:00:00,27.781849194139443,24.24844416340143,30.097004092645218,27.781849194139443,27.781849194139443,-0.6158548931526466,-0.6158548931526466,-0.6158548931526466,-0.6158548931526466,-0.6158548931526466,-0.6158548931526466,0.0,0.0,0.0,27.165994300986796
2017-04-02 00:00:00,28.028436804492173,25.00764535637015,31.184365055894,28.028436804492173,28.028436804492173,0.04088566211478071,0.04088566211478071,0.04088566211478071,0.04088566211478071,0.04088566211478071,0.04088566211478071,0.0,0.0,0.0,28.069322466606955
2017-04-03 00:00:00,28.2750244148449,25.074953018126852,31.236536895023185,28.2750244148449,28.2750244148449,-0.0035478054636200454,-0.0035478054636200454,-0.0035478054636200454,-0.0035478054636200454,-0.0035478054636200454,-0.0035478054636200454,0.0,0.0,0.0,28.27147660938128
2017-04-04 00:00:00,28.52161202519762,25.695508066855506,31.557261982787967,28.52161202519762,28.52161202519762,0.059715400086445464,0.059715400086445464,0.059715400086445464,0.059715400086445464,0.059715400086445464,0.059715400086445464,0.0,0.0,0.0,28.581327425284066
2017-04-05 00:00:00,28.768199635550346,26.193859977668016,31.763531138707958,28.768199635550346,28.768199635550346,0.21553506500974137,0.21553506500974137,0.21553506500974137,0.21553506500974137,0.21553506500974137,0.21553506500974137,0.0,0.0,0.0,28.98373470056009
2017-04-06 00:00:00,29.014787245903076,26.373832721609013,32.52202118208309,29.014787245903076,29.014787245903076,0.4221155384994008,0.4221155384994008,0.4221155384994008,0.4221155384994008,0.4221155384994008,0.4221155384994008,0.0,0.0,0.0,29.436902784402477
2017-04-07 00:00:00,29.261374856255802,26.058736049198437,32.193350224894616,29.261374856255802,29.261374856255802,-0.11884896709429467,-0.11884896709429467,-0.11884896709429467,-0.11884896709429467,-0.11884896709429467,-0.11884896709429467,0.0,0.0,0.0,29.142525889161508
2017-04-08 00:00:00,29.50796246660853,25.892988454407458,31.876805579233665,29.50796246660853,29.50796246660853,-0.6158548931521379,-0.6158548931521379,-0.6158548931521379,-0.6158548931521379,-0.6158548931521379,-0.6158548931521379,0.0,0.0,0.0,28.89210757345639
2017-04-09 00:00:00,29.75455007696125,26.85618367831073,32.8883729049547,29.75455007696125,29.75455007696125,0.04088566211517966,0.04088566211517966,0.04088566211517966,0.04088566211517966,0.04088566211517966,0.04088566211517966,0.0,0.0,0.0,29.79543573907643
2017-04-10 00:00:00,30.001137687313978,26.660931923193125,32.69888613712995,30.001137687313978,30.001137687313978,-0.0035478054634100987,-0.0035478054634100987,-0.0035478054634100987,-0.0035478054634100987,-0.0035478054634100987,-0.0035478054634100987,0.0,0.0,0.0,29.99758988185057
2017-04-11 00:00:00,30.247725297666705,27.34857296755095,33.39959693282057,30.247725297666705,30.247725297666705,0.059715400086326954,0.059715400086326954,0.059715400086326954,0.059715400086326954,0.059715400086326954,0.059715400086326954,0.0,0.0,0.0,30.30744069775303
2017-04-12 00:00:00,30.494312908019435,27.745402756561823,33.85623188760101,30.494312908019435,30.494312908019435,0.21553506501017491,0.21553506501017491,0.21553506501017491,0.21553506501017491,0.21553506501017491,0.21553506501017491,0.0,0.0,0.0,30.70984797302961
2017-04-13 00:00:00,30.74090051837216,28.35159518026978,34.12210311864474,30.74090051837216,30.74090051837216,0.4221155385004284,0.4221155385004284,0.4221155385004284,0.4221155385004284,0.4221155385004284,0.4221155385004284,0.0,0.0,0.0,31.16301605687259
2017-04-14 00:00:00,30.98748812872488,27.653606523603774,33.855116241124215,30.98748812872488,30.98748812872488,-0.11884896709542271,-0.11884896709542271,-0.11884896709542271,-0.11884896709542271,-0.11884896709542271,-0.11884896709542271,0.0,0.0,0.0,30.868639161629456
2017-04-15 00:00:00,31.23407573907761,27.68683194386561,33.74360892280623,31.23407573907761,31.23407573907761,-0.6158548931521494,-0.6158548931521494,-0.6158548931521494,-0.6158548931521494,-0.6158548931521494,-0.6158548931521494,0.0,0.0,0.0,30.61822084592546
2017-04-16 00:00:00,31.480663349430337,28.745330716406126,34.35339037760186,31.480663349430337,31.480663349430337,0.04088566211542204,0.04088566211542204,0.04088566211542204,0.04088566211542204,0.04088566211542204,0.04088566211542204,0.0,0.0,0.0,31.52154901154576
2017-04-17 00:00:00,31.727250959783063,28.710986488395967,34.694636025297925,31.727250959783063,31.727250959783063,-0.003547805463200167,-0.003547805463200167,-0.003547805463200167,-0.003547805463200167,-0.003547805463200167,-0.003547805463200167,0.0,0.0,0.0,31.723703154319864
2017-04-18 00:00:00,31.973838570135793,29.026847753498213,35.006734027216105,31.973838570135793,31.973838570135793,0.05971540008616794,0.05971540008616794,0.05971540008616794,0.05971540008616794,0.05971540008616794,0.05971540008616794,0.0,0.0,0.0,32.03355397022196
2017-04-19 00:00:00,32.220426180488516,29.644162237624986,35.63218403205877,32.220426180488516,32.220426180488516,0.2155350650098686,0.2155350650098686,0.2155350650098686,0.2155350650098686,0.2155350650098686,0.2155350650098686,0.0,0.0,0.0,32.43596124549838
2017-04-20 00:00:00,32.46701379084124,29.810957478057492,35.76531886460128,32.46701379084124,32.46701379084124,0.42211553849968303,0.42211553849968303,0.42211553849968303,0.42211553849968303,0.42211553849968303,0.42211553849968303,0.0,0.0,0.0,32.889129329340925
2017-04-21 00:00:00,32.71360140119397,29.54246774698651,35.66981337743589,32.71360140119397,32.71360140119397,-0.11884896709655075,-0.11884896709655075,-0.11884896709655075,-0.11884896709655075,-0.11884896709655075,-0.11884896709655075,0.0,0.0,0.0,32.594752434097416
2017-04-22 00:00:00,32.960189011546696,29.309167774733766,35.28655372361176,32.960189011546696,32.960189011546696,-0.6158548931521609,-0.6158548931521609,-0.6158548931521609,-0.6158548931521609,-0.6158548931521609,-0.6158548931521609,0.0,0.0,0.0,32.344334118394535
2017-04-23 00:00:00,33.20677662189942,30.12919043536535,36.13835856615984,33.20677662189942,33.20677662189942,0.04088566211497715,0.04088566211497715,0.04088566211497715,0.04088566211497715,0.04088566211497715,0.04088566211497715,0.0,0.0,0.0,33.247662284014396
2017-04-24 00:00:00,33.45336423225215,30.36049506475533,36.503343838510844,33.45336423225215,33.45336423225215,-0.003547805463234864,-0.003547805463234864,-0.003547805463234864,-0.003547805463234864,-0.003547805463234864,-0.003547805463234864,0.0,0.0,0.0,33.449816426788914
2017-04-24 01:00:00,33.463638716016845,30.30822888479791,36.515897953895234,33.463638716016845,33.463638716016845,-0.011879781449656287,-0.011879781449656287,-0.011879781449656287,-0.011879781449656287,-0.011879781449656287,-0.011879781449656287,0.0,0.0,0.0,33.45175893456719
2017-04-24 02:00:00,33.47391319978154,30.543064733015957,36.5564809887604,33.47391319978154,33.47391319978154,-0.019406521687543803,-0.019406521687543803,-0.019406521687543803,-0.019406521687543803,-0.019406521687543803,-0.019406521687543803,0.0,0.0,0.0,33.454506678094
2017-04-24 03:00:00,33.484187683546246,30.375794501352544,36.641423509595754,33.484187683546246,33.484187683546246,-0.02602836635623205,-0.02602836635623205,-0.02602836635623205,-0.02602836635623205,-0.02602836635623205,-0.02602836635623205,0.0,0.0,0.0,33.45815931719002
2017-04-24 04:00:00,33.494462167310935,30.576231073834634,36.31353201851772,33.494462167310935,33.494462167310935,-0.031661339190175795,-0.031661339190175795,-0.031661339190175795,-0.031661339190175795,-0.031661339190175795,-0.031661339190175795,0.0,0.0,0.0,33.46280082812076
2017-04-24 05:00:00,33.504736651075625,30.33887692145583,36.51595880259869,33.504736651075625,33.504736651075625,-0.03623767303703238,-0.03623767303703238,-0.03623767303703238,-0.03623767303703238,-0.03623767303703238,-0.03623767303703238,0.0,0.0,0.0,33.46849897803859
2017-04-24 06:00:00,33.515011134840336,30.43998700684312,36.408329539102596,33.515011134840336,33.515011134840336,-0.039706110371972955,-0.039706110371972955,-0.039706110371972955,-0.039706110371972955,-0.039706110371972955,-0.039706110371972955,0.0,0.0,0.0,33.47530502446836
2017-04-24 07:00:00,33.525285618605025,30.595669013347262,36.46733138293729,33.525285618605025,33.525285618605025,-0.042031978818375705,-0.042031978818375705,-0.042031978818375705,-0.042031978818375705,-0.042031978818375705,-0.042031978818375705,0.0,0.0,0.0,33.483253639786646
2017-04-24 08:00:00,33.53556010236972,30.796257802055678,36.61280288661772,33.53556010236972,33.53556010236972,-0.04319704465707052,-0.04319704465707052,-0.04319704465707052,-0.04319704465707052,-0.04319704465707052,-0.04319704465707052,0.0,0.0,0.0,33.49236305771265
2017-04-24 09:00:00,33.545834586134426,30.515802688454734,36.59927966425758,33.545834586134426,33.545834586134426,-0.04319915017313935,-0.04319915017313935,-0.04319915017313935,-0.04319915017313935,-0.04319915017313935,-0.04319915017313935,0.0,0.0,0.0,33.50263543596129
2017-04-24 10:00:00,33.556109069899115,30.57614420883522,36.52322174256189,33.556109069899115,33.556109069899115,-0.042051643436232695,-0.042051643436232695,-0.042051643436232695,-0.042051643436232695,-0.042051643436232695,-0.042051643436232695,0.0,0.0,0.0,33.514057426462884
2017-04-24 11:00:00,33.56638355366381,30.459945332839464,36.42776509797639,33.56638355366381,33.56638355366381,-0.03978261179208318,-0.03978261179208318,-0.03978261179208318,-0.03978261179208318,-0.03978261179208318,-0.03978261179208318,0.0,0.0,0.0,33.52660094187173
2017-04-24 12:00:00,33.57665803742851,30.73889480582245,36.49770242298392,33.57665803742851,33.57665803742851,-0.03643393275326328,-0.03643393275326328,-0.03643393275326328,-0.03643393275326328,-0.03643393275326328,-0.03643393275326328,0.0,0.0,0.0,33.54022410467525
2017-04-24 13:00:00,33.58693252119321,30.709247899154132,36.6529364027886,33.58693252119321,33.58693252119321,-0.032060158309776494,-0.032060158309776494,-0.032060158309776494,-0.032060158309776494,-0.032060158309776494,-0.032060158309776494,0.0,0.0,0.0,33.55487236288344
2017-04-24 14:00:00,33.5972070049579,30.48960808243394,36.626547064869854,33.5972070049579,33.5972070049579,-0.02672725068866056,-0.02672725068866056,-0.02672725068866056,-0.02672725068866056,-0.02672725068866056,-0.02672725068866056,0.0,0.0,0.0,33.57047975426924
2017-04-24 15:00:00,33.607481488722605,30.61297284535055,36.72630885633885,33.607481488722605,33.607481488722605,-0.0205111894065917,-0.0205111894065917,-0.0205111894065917,-0.0205111894065917,-0.0205111894065917,-0.0205111894065917,0.0,0.0,0.0,33.586970299316015
2017-04-24 16:00:00,33.6177559724873,30.93924312807463,36.43933252458787,33.6177559724873,33.6177559724873,-0.013496471004290491,-0.013496471004290491,-0.013496471004290491,-0.013496471004290491,-0.013496471004290491,-0.013496471004290491,0.0,0.0,0.0,33.604259501483014
2017-04-24 17:00:00,33.62803045625199,30.658057470658136,36.44918192770701,33.62803045625199,33.62803045625199,-0.005774524032700537,-0.005774524032700537,-0.005774524032700537,-0.005774524032700537,-0.005774524032700537,-0.005774524032700537,0.0,0.0,0.0,33.62225593221929
2017-04-24 18:00:00,33.638304940016695,30.498263199433442,36.70364985957639,33.638304940016695,33.638304940016695,0.002557937136832204,0.002557937136832204,0.002557937136832204,0.002557937136832204,0.002557937136832204,0.002557937136832204,0.0,0.0,0.0,33.64086287715353
2017-04-24 19:00:00,33.648579423781385,30.665522670736003,36.468300088134235,33.648579423781385,33.648579423781385,0.011400595549119286,0.011400595549119286,0.011400595549119286,0.011400595549119286,0.011400595549119286,0.011400595549119286,0.0,0.0,0.0,33.659980019330504
2017-04-24 20:00:00,33.65885390754609,30.672120351480157,36.65573283425478,33.65885390754609,33.65885390754609,0.020651227517161936,0.020651227517161936,0.020651227517161936,0.020651227517161936,0.020651227517161936,0.020651227517161936,0.0,0.0,0.0,33.67950513506325
2017-04-24 21:00:00,33.669128391310785,30.714569696996698,36.61379945701314,33.669128391310785,33.669128391310785,0.03020738668179308,0.03020738668179308,0.03020738668179308,0.03020738668179308,0.03020738668179308,0.03020738668179308,0.0,0.0,0.0,33.69933577799258
2017-04-24 22:00:00,33.67940287507548,30.793516904458293,36.53112209121106,33.67940287507548,33.67940287507548,0.0399680522512352,0.0399680522512352,0.0399680522512352,0.0399680522512352,0.0399680522512352,0.0399680522512352,0.0,0.0,0.0,33.719370927326715
2017-04-24 23:00:00,33.68967735884018,30.56099152786178,36.83623440255599,33.68967735884018,33.68967735884018,0.049835218055720304,0.049835218055720304,0.049835218055720304,0.049835218055720304,0.049835218055720304,0.049835218055720304,0.0,0.0,0.0,33.7395125768959
2017-04-25 00:00:00,33.699951842604875,30.58922770260758,36.80540508354894,33.699951842604875,33.699951842604875,0.059715400086634646,0.059715400086634646,0.059715400086634646,0.059715400086634646,0.059715400086634646,0.059715400086634646,0.0,0.0,0.0,33.759667242691506
2017-04-25 01:00:00,33.71022632636957,30.818463475604442,36.9198892689405,33.71021185781149,33.71022632636957,0.06952104140092165,0.06952104140092165,0.06952104140092165,0.06952104140092165,0.06952104140092165,0.06952104140092165,0.0,0.0,0.0,33.77974736777049
2017-04-25 02:00:00,33.72050081013427,30.727599476871102,36.93052763973978,33.720430401058294,33.720503376981576,0.07917179492168731,0.07917179492168731,0.07917179492168731,0.07917179492168731,0.07917179492168731,0.07917179492168731,0.0,0.0,0.0,33.79967260505595
2017-04-25 03:00:00,33.73077529389897,31.02547592315382,36.81750869341833,33.730686112200004,33.730839245357124,0.08859566642791496,0.08859566642791496,0.08859566642791496,0.08859566642791496,0.08859566642791496,0.08859566642791496,0.0,0.0,0.0,33.819370960326886
2017-04-25 04:00:00,33.74104977766366,30.692021168668408,36.9132083318053,33.74087849116986,33.7411996523945,0.0977300020855845,0.0977300020855845,0.0977300020855845,0.0977300020855845,0.0977300020855845,0.0977300020855845,0.0,0.0,0.0,33.838779779749245
2017-04-25 05:00:00,33.75132426142835,30.846171161724715,36.82791741944273,33.75105366418759,33.75154715131108,0.1065223071687609,0.1065223071687609,0.1065223071687609,0.1065223071687609,0.1065223071687609,0.1065223071687609,0.0,0.0,0.0,33.85784656859711
2017-04-25 06:00:00,33.76159874519306,30.836563056427586,36.95653257161002,33.76123528017171,33.76186888157661,0.11493088499963941,0.11493088499963941,0.11493088499963941,0.11493088499963941,0.11493088499963941,0.11493088499963941,0.0,0.0,0.0,33.8765296301927
2017-04-25 07:00:00,33.77187322895775,30.698671120700933,36.74843829833014,33.771434217629256,33.77223619595363,0.12292528773583598,0.12292528773583598,0.12292528773583598,0.12292528773583598,0.12292528773583598,0.12292528773583598,0.0,0.0,0.0,33.89479851669359
2017-04-25 08:00:00,33.78214771272245,30.78135868212135,36.71640001854231,33.781658993477976,33.78259182798342,0.1304865733237116,0.1304865733237116,0.1304865733237116,0.1304865733237116,0.1304865733237116,0.1304865733237116,0.0,0.0,0.0,33.91263428604616
2017-04-25 09:00:00,33.79242219648715,31.046234518771964,36.87177712491179,33.79185369030839,33.79300956855992,0.13760736566898096,0.13760736566898096,0.13760736566898096,0.13760736566898096,0.13760736566898096,0.13760736566898096,0.0,0.0,0.0,33.930029562156136
2017-04-25 10:00:00,33.80269668025185,31.201206879412656,36.8937540571693,33.80206109385847,33.803342993075965,0.1442917178684829,0.1442917178684829,0.1442917178684829,0.1442917178684829,0.1442917178684829,0.1442917178684829,0.0,0.0,0.0,33.94698839812033
2017-04-25 11:00:00,33.81297116401654,30.977974448488343,36.900765465677516,33.81223575701389,33.813665396554086,0.1505547811591097,0.1505547811591097,0.1505547811591097,0.1505547811591097,0.1505547811591097,0.1505547811591097,0.0,0.0,0.0,33.96352594517565
2017-04-25 12:00:00,33.823245647781235,30.854814512438466,37.00649570859054,33.822458295813014,33.82400539683157,0.15642228495607713,0.15642228495607713,0.15642228495607713,0.15642228495607713,0.15642228495607713,0.15642228495607713,0.0,0.0,0.0,33.979667932737314
2017-04-25 13:00:00,33.83352013154594,30.753468907217094,36.953183489209145,33.832639815636995,33.83432416448903,0.1619298360535356,0.1619298360535356,0.1619298360535356,0.1619298360535356,0.1619298360535356,0.1619298360535356,0.0,0.0,0.0,33.99544996759948
2017-04-25 14:00:00,33.84379461531063,31.053844988561927,36.89444016306225,33.84277238117098,33.84476091410819,0.16712204762256003,0.16712204762256003,0.16712204762256003,0.16712204762256003,0.16712204762256003,0.16712204762256003,0.0,0.0,0.0,34.01091666293319
2017-04-25 15:00:00,33.85406909907533,31.202008449332098,37.049371778472945,33.85289479209202,33.85509231328571,0.17205151105814376,0.17205151105814376,0.17205151105814376,0.17205151105814376,0.17205151105814376,0.17205151105814376,0.0,0.0,0.0,34.026120610133475
2017-04-25 16:00:00,33.86434358284003,30.93565872822116,37.13967193494086,33.863015437858344,33.86547358764379,0.17677762598625135,0.17677762598625135,0.17677762598625135,0.17677762598625135,0.17677762598625135,0.17677762598625135,0.0,0.0,0.0,34.04112120882628
2017-04-25 17:00:00,33.874618066604725,31.097466040726108,36.92906487911564,33.87325045678551,33.87583967945503,0.18136530576162999,0.18136530576162999,0.18136530576162999,0.18136530576162999,0.18136530576162999,0.18136530576162999,0.0,0.0,0.0,34.055983372366356
2017-04-25 18:00:00,33.88489255036942,31.02499065478872,37.21927967820733,33.883457907462365,33.88633481830917,0.1858835776488642,0.1858835776488642,0.1858835776488642,0.1858835776488642,0.1858835776488642,0.1858835776488642,0.0,0.0,0.0,34.07077612801829
2017-04-25 19:00:00,33.89516703413411,30.949954686950846,37.164029746282615,33.89366708955312,33.896909332276564,0.19040409834631525,0.19040409834631525,0.19040409834631525,0.19040409834631525,0.19040409834631525,0.19040409834631525,0.0,0.0,0.0,34.085571132480425
2017-04-25 20:00:00,33.905441517898815,31.283132378772493,37.15215978647514,33.90369586623619,33.907305459397584,0.1949996068877375,0.1949996068877375,0.1949996068877375,0.1949996068877375,0.1949996068877375,0.1949996068877375,0.0,0.0,0.0,34.10044112478655
2017-04-25 21:00:00,33.91571600166351,31.092599997411618,37.14543697299437,33.9139141505559,33.91771202605582,0.19974233785867443,0.19974233785867443,0.19974233785867443,0.19974233785867443,0.19974233785867443,0.19974233785867443,0.0,0.0,0.0,34.115458339522185
2017-04-25 22:00:00,33.92599048542821,31.343893706866673,37.07947076666603,33.92419326412294,33.92824730651682,0.20470241857757832,0.20470241857757832,0.20470241857757832,0.20470241857757832,0.20470241857757832,0.20470241857757832,0.0,0.0,0.0,34.130692904005784
2017-04-25 23:00:00,33.936264969192905,30.903880859854553,37.03128346016196,33.93436587245259,33.93868044568791,0.20994627423404125,0.20994627423404125,0.20994627423404125,0.20994627423404125,0.20994627423404125,0.20994627423404125,0.0,0.0,0.0,34.14621124342695
2017-04-26 00:00:00,33.9465394529576,30.993627249508418,37.20856913864467,33.944402998547794,33.94909089300909,0.21553506501037906,0.21553506501037906,0.21553506501037906,0.21553506501037906,0.21553506501037906,0.21553506501037906,0.0,0.0,0.0,34.16207451796798
